﻿<?xml version="1.0" encoding="utf-8" ?>
<Defs>

  <ThingDef ParentName="EggFertBase">
    <defName>EggAdderFertilized</defName>
    <label>adder egg (fert.)</label>
    <description>Fertilized adder egg. If all goes well, it should hatch into a baby adder. It can be eaten raw, but it's much better cooked.</description>
    <graphicData>
      <texPath>Things/Item/Resource/AnimalProductRaw/EggOval</texPath>
      <color>(229, 227, 215)</color>
    </graphicData>
    <statBases>
      <MarketValue>40.0</MarketValue>
    </statBases>
    <comps>
      <li Class="CompProperties_Hatcher">
        <hatcherDaystoHatch>4.5</hatcherDaystoHatch>
        <hatcherPawn>Adder</hatcherPawn>
      </li>
		</comps>
  </ThingDef>

  <ThingDef ParentName="EggFertBase">
    <defName>EggBlackDesertCobraFertilized</defName>
    <label>black desert cobra egg (fert.)</label>
    <description>Fertilized black desert cobra egg. If all goes well, it should hatch into a baby black desert cobra. It can be eaten raw, but it's much better cooked.</description>
    <graphicData>
      <texPath>Things/Item/Resource/AnimalProductRaw/EggOval</texPath>
      <color>(224, 219, 190)</color>
    </graphicData>
    <statBases>
      <MarketValue>60.0</MarketValue>
    </statBases>
    <comps>
      <li Class="CompProperties_Hatcher">
        <hatcherDaystoHatch>5</hatcherDaystoHatch>
        <hatcherPawn>BlackDesertCobra</hatcherPawn>
      </li>
    </comps>
  </ThingDef>
  
</Defs>
