﻿<?xml version="1.0" encoding="utf-8" ?>
<Defs>

    <ThingDef Name="VaccineBase" ParentName="ResourceBase" Abstract="True">
    <soundDrop>Standard_Drop</soundDrop>
    <tickerType>Normal</tickerType>
    <stackLimit>5</stackLimit>
    <techLevel>Industrial</techLevel>
    <statBases>
      <MaxHitPoints>50</MaxHitPoints>
      <MarketValue>50</MarketValue>
      <Mass>0.01</Mass>
      <Flammability>0</Flammability>
      <DeteriorationRate>0.3</DeteriorationRate>
    </statBases>
    <thingCategories>
      <li>Items</li>
    </thingCategories>
    <tradeTags>
      <li>Exotics</li>
    </tradeTags>
  </ThingDef>

  <ThingDef Name="MakeableVaccineBase" ParentName="VaccineBase" Abstract="True">
    <recipeMaker>
      <workSpeedStat>DrugProductionSpeed</workSpeedStat>
      <effectWorking>Cook</effectWorking>
      <soundWorking>Recipe_CookMeal</soundWorking>
      <workAmount>650</workAmount>
      <targetCountAdjustment>5</targetCountAdjustment>
      <workSkill>Intellectual</workSkill>
      <recipeUsers>
        <li>DrugLab</li>
      </recipeUsers>
    </recipeMaker>
  </ThingDef>
  
  <!-- Snake Venom -->

  <ThingDef ParentName="MakeableVaccineBase">
    <defName>SnakeVenomVaccine</defName>
    <label>snake venom antivenom</label>
    <thingClass>ThingWithComps</thingClass>
    <description>A reversed engineered vile of snake venom which will instantly cure anybody or anything afflicted with snake venom. This, however, is not powerful enough to deal with the venom from giant insects, for that you'll need a more potent medicine.</description>
    <graphicData>
      <texPath>Things/Items/Cures/SnakeVaccine</texPath>
      <graphicClass>Graphic_StackCount</graphicClass>
    </graphicData>
    <resourceReadoutPriority>Middle</resourceReadoutPriority>
    <stackLimit>5</stackLimit>
    <useHitPoints>true</useHitPoints>
    <statBases>
      <MarketValue>1100</MarketValue>
      <MaxHitPoints>80</MaxHitPoints>
      <Mass>0.01</Mass>
      <DeteriorationRate>0.3</DeteriorationRate>
    </statBases>
    <tradeability>Stockable</tradeability>
    <techLevel>Industrial</techLevel>
    <recipeMaker>
			<researchPrerequisite>SnakeVenomCure2</researchPrerequisite>
      <recipeUsers>
        <li>DrugLab</li>
      </recipeUsers>
    </recipeMaker>
    <costList>
      <Neutroamine>2</Neutroamine>
      <SnakeVenomVile>3</SnakeVenomVile>
    </costList>
    <comps>
      <li Class="CompProperties_Usable">
        <useJob>UseItem</useJob>
        <useLabel>Use snake venom antivenom</useLabel>
        <useDuration>120</useDuration>
      </li>
      <li Class="CompProperties_UseEffect">
        <compClass>InfectiousCreatures.CompUseEffect_HealSnakeVenom</compClass>
      </li>
      <li Class="CompProperties_UseEffect">
        <compClass>InfectiousCreatures.CompUseEffect_HealSnakeVenom</compClass>
      </li>
      <li Class="CompProperties_UseEffect">
        <compClass>CompUseEffect_DestroySelf</compClass>
      </li>
    </comps>
    <tradeTags>
      <li>Exotics</li>
    </tradeTags>
  </ThingDef>

  <ThingDef ParentName="MakeableVaccineBase">
    <defName>MegaSpiderVenomVaccine</defName>
    <label>megaspider venom antivenom</label>
    <thingClass>ThingWithComps</thingClass>
    <description>An antivenom for instantly curing people afflicted with paralysis and venom from megaspiders.</description>
    <graphicData>
      <texPath>Things/Items/Cures/MegaspiderVaccine</texPath>
      <graphicClass>Graphic_StackCount</graphicClass>
    </graphicData>
    <resourceReadoutPriority>Middle</resourceReadoutPriority>
    <stackLimit>5</stackLimit>
    <useHitPoints>true</useHitPoints>
    <statBases>
      <MarketValue>2500</MarketValue>
      <MaxHitPoints>80</MaxHitPoints>
      <Mass>0.01</Mass>
      <DeteriorationRate>0.3</DeteriorationRate>
    </statBases>
    <techLevel>Industrial</techLevel>
    <recipeMaker>
      <researchPrerequisite>MegaSpiderCure1</researchPrerequisite>
      <recipeUsers>
        <li>DrugLab</li>
      </recipeUsers>
    </recipeMaker>
    <costList>
      <Neutroamine>5</Neutroamine>
      <MegaSpiderVenomVile>3</MegaSpiderVenomVile>
    </costList>
    <comps>
      <li Class="CompProperties_Usable">
        <useJob>UseItem</useJob>
        <useLabel>Use megaspider antivenom</useLabel>
        <useDuration>120</useDuration>
      </li>
      <li Class="CompProperties_UseEffect">
        <compClass>InfectiousCreatures.CompUseEffect_HealMegaspiderVenom</compClass>
      </li>
      <li Class="CompProperties_UseEffect">
        <compClass>InfectiousCreatures.CompUseEffect_HealMegaspiderParalysis</compClass>
      </li>
      <li Class="CompProperties_UseEffect">
        <compClass>CompUseEffect_DestroySelf</compClass>
      </li>
    </comps>
    <tradeTags>
      <li>Exotics</li>
    </tradeTags>
  </ThingDef>

  <ThingDef ParentName="MakeableVaccineBase">
    <defName>SnakeVenomHealingVapours</defName>
    <label>snake venom healing vapours</label>
    <thingClass>ThingWithComps</thingClass>
    <description>A basic version of the snake venom antivenom, it requires a lot more resources to be built but gets the job done nonetheless.</description>
    <graphicData>
      <texPath>Things/Items/Cures/HealingVapours</texPath>
      <graphicClass>Graphic_Single</graphicClass>
    </graphicData>
    <resourceReadoutPriority>Middle</resourceReadoutPriority>
    <stackLimit>5</stackLimit>
    <useHitPoints>true</useHitPoints>
    <statBases>
      <MarketValue>250</MarketValue>
      <MaxHitPoints>80</MaxHitPoints>
      <Mass>0.5</Mass>
      <DeteriorationRate>3</DeteriorationRate>
    </statBases>
    <techLevel>Neolithic</techLevel>
    <recipeMaker>
      <researchPrerequisite>SnakeVenomCure1</researchPrerequisite>
      <recipeUsers>
        <li>CraftingSpot</li>
        <li>DrugLab</li>
      </recipeUsers>
    </recipeMaker>
    <costList>
      <RawAgave>35</RawAgave>
      <SnakeVenomVile>8</SnakeVenomVile>
    </costList>
    <comps>
      <li Class="CompProperties_Usable">
        <useJob>UseItem</useJob>
        <useLabel>Use snake venom healing vapours</useLabel>
        <useDuration>450</useDuration>
      </li>
      <li Class="CompProperties_UseEffect">
        <compClass>InfectiousCreatures.CompUseEffect_HealSnakeVenom</compClass>
      </li>
      <li Class="CompProperties_UseEffect">
        <compClass>InfectiousCreatures.CompUseEffect_HealSnakeVenom</compClass>
      </li>
      <li Class="CompProperties_UseEffect">
        <compClass>CompUseEffect_DestroySelf</compClass>
      </li>
    </comps>
  </ThingDef>
  
</Defs>
