﻿<?xml version="1.0" encoding="utf-8" ?>
<Defs>
  
  <ThingDef Name="InfectiousCreaturesItemsBase" ParentName="ResourceBase" Abstract="True">
    <soundDrop>Standard_Drop</soundDrop>
    <tickerType>Normal</tickerType>
    <stackLimit>10</stackLimit>
    <techLevel>Industrial</techLevel>
    <statBases>
      <MaxHitPoints>50</MaxHitPoints>
      <MarketValue>50</MarketValue>
      <Mass>0.01</Mass>
      <Flammability>0</Flammability>
      <DeteriorationRate>0.3</DeteriorationRate>
    </statBases>
    <thingCategories>
      <li>Items</li>
    </thingCategories>
    <tradeTags>
      <li>Exotics</li>
    </tradeTags>
  </ThingDef>

  <ThingDef Name="MakeableInfectiousCreaturesItemsBase" ParentName="InfectiousCreaturesItemsBase" Abstract="True">
    <recipeMaker>
      <workSpeedStat>ButcheryFleshEfficiency</workSpeedStat>
      <effectWorking>ButcherFlesh</effectWorking>
      <soundWorking>Recipe_ButcherCorpseFlesh</soundWorking>
      <targetCountAdjustment>5</targetCountAdjustment>
      <workSkill>Cooking</workSkill>
      <workAmount>850</workAmount>
      <recipeUsers>
        <li>TableButcher</li>
      </recipeUsers>
    </recipeMaker>
  </ThingDef>
  
  <!-- Snakes -->
  
  <ThingDef ParentName="MakeableInfectiousCreaturesItemsBase">
    <defName>SnakeVenomVile</defName>
    <label>snake venom vile</label>
    <description>Pure, deadly, snake venom harvested from either a venom gland or a tamed snake. You could use this to synthesize a cure or to create poisonous weapons; use it wisely...</description>
		<tickerType>Normal</tickerType>
    <graphicData>
      <texPath>Things/Items/Resources/SnakeVenomVile</texPath>
      <graphicClass>Graphic_StackCount</graphicClass>
    </graphicData>
    <stackLimit>10</stackLimit>
		<statBases>
      <MaxHitPoints>50</MaxHitPoints>
      <MarketValue>350</MarketValue>
      <Mass>0.1</Mass>
      <Flammability>0</Flammability>
			<DeteriorationRate>0.3</DeteriorationRate>
		</statBases>
    <techLevel>Neolithic</techLevel>
    <recipeMaker>
      <recipeUsers>
        <li>TableButcher</li>
      </recipeUsers>
    </recipeMaker>
    <costList>
      <SnakeVenomGland>2</SnakeVenomGland>
    </costList>
    <thingCategories>
      <li>AnimalProductRaw</li>
    </thingCategories>
  </ThingDef>

  <ThingDef ParentName="MakeableInfectiousCreaturesItemsBase">
    <defName>MegaSpiderVenomVile</defName>
    <label>megaspider venom vile</label>
    <description>Megaspider venom in a bottle. With the technical know how you could fabricate a cure for megaspider paralysis.</description>
    <tickerType>Normal</tickerType>
    <graphicData>
      <texPath>Things/Items/Resources/MegaSpiderVenomVile</texPath>
      <graphicClass>Graphic_StackCount</graphicClass>
    </graphicData>
    <stackLimit>10</stackLimit>
    <statBases>
      <MaxHitPoints>50</MaxHitPoints>
      <MarketValue>450</MarketValue>
      <Mass>0.1</Mass>
      <Flammability>0</Flammability>
      <DeteriorationRate>0.3</DeteriorationRate>
    </statBases>
    <techLevel>Industrial</techLevel>
    <recipeMaker>
      <researchPrerequisite>MegaSpiderCure2</researchPrerequisite>
      <recipeUsers>
        <li>TableButcher</li>
      </recipeUsers>
    </recipeMaker>
    <costList>
      <MegaSpiderVenomGland>2</MegaSpiderVenomGland>
    </costList>
    <thingCategories>
      <li>AnimalProductRaw</li>
    </thingCategories>
  </ThingDef>

  <ThingDef ParentName="ResourceBase">
    <defName>SnakeVenomGland</defName>
    <label>snake venom gland</label>
    <description>The venom gland from a snake. With a bit of work, you could extract the poison from it at a butcher table.</description>
    <tickerType>Normal</tickerType>
    <graphicData>
      <texPath>Things/Items/Resources/SnakeVenomGland</texPath>
      <graphicClass>Graphic_Single</graphicClass>
    </graphicData>
    <stackLimit>25</stackLimit>
    <statBases>
      <MaxHitPoints>50</MaxHitPoints>
      <MarketValue>200</MarketValue>
      <Mass>0.7</Mass>
      <Flammability>1</Flammability>
      <DeteriorationRate>3</DeteriorationRate>
    </statBases>
  </ThingDef>

  <ThingDef ParentName="ResourceBase">
    <defName>MegaSpiderVenomGland</defName>
    <label>megaspider venom gland</label>
    <description>The venom gland from a megaspider. With a bit of work and technical know, you could extract the poison from it at a butcher table.</description>
    <tickerType>Normal</tickerType>
    <graphicData>
      <texPath>Things/Items/Resources/MegaSpiderVenomGland</texPath>
      <graphicClass>Graphic_Single</graphicClass>
    </graphicData>
    <stackLimit>25</stackLimit>
    <statBases>
      <MaxHitPoints>50</MaxHitPoints>
      <MarketValue>250</MarketValue>
      <Mass>0.7</Mass>
      <Flammability>1</Flammability>
      <DeteriorationRate>3</DeteriorationRate>
    </statBases>
  </ThingDef>

</Defs>
