﻿<?xml version="1.0" encoding="utf-8" ?>
<Defs>

  <HediffDef ParentName="InfectionBase">
    <defName>SwampFever</defName>
    <label>swamp fever</label>
    <taleOnVisible>IllnessRevealed</taleOnVisible>
    <makesSickThought>true</makesSickThought>
    <lethalSeverity>1</lethalSeverity>
    <tendable>true</tendable>
    <comps>
      <li Class="HediffCompProperties_TendDuration">
        <tendDuration>30000</tendDuration>
        <severityPerDayTended>-0.13</severityPerDayTended>
      </li>
      <li Class="HediffCompProperties_Immunizable">
        <immunityPerDayNotSick>-0.06</immunityPerDayNotSick>
        <immunityPerDaySick>0.173</immunityPerDaySick>
        <severityPerDayNotImmune>0.166</severityPerDayNotImmune>
        <severityPerDayImmune>-0.333</severityPerDayImmune>
      </li>
    </comps>
    <stages>
      <li>
        <label>minor</label>
        <becomeVisible>false</becomeVisible>
      </li>
      <li>
        <minSeverity>0.333</minSeverity>
        <label>minor</label>
        <capMods>
          <li>
            <capacity>Consciousness</capacity>
            <offset>-0.05</offset>
          </li>
          <li>
            <capacity>Manipulation</capacity>
            <offset>-0.05</offset>
          </li>
          <li>
            <capacity>Breathing</capacity>
            <offset>-0.1</offset>
          </li>
        </capMods>
      </li>
      <li>
        <minSeverity>0.666</minSeverity>
        <label>major</label>
        <vomitMtbDays>1.5</vomitMtbDays>
        <capMods>
          <li>
            <capacity>Consciousness</capacity>
            <offset>-0.1</offset>
          </li>
          <li>
            <capacity>Manipulation</capacity>
            <offset>-0.1</offset>
          </li>
          <li>
            <capacity>Breathing</capacity>
            <offset>-0.15</offset>
          </li>
        </capMods>
      </li>
      <li>
        <minSeverity>0.833</minSeverity>
        <label>extreme</label>
        <lifeThreatening>true</lifeThreatening>
        <vomitMtbDays>0.75</vomitMtbDays>
        <painOffset>0.05</painOffset>
        <capMods>
          <li>
            <capacity>Consciousness</capacity>
            <offset>-0.15</offset>
          </li>
          <li>
            <capacity>Manipulation</capacity>
            <offset>-0.2</offset>
          </li>
          <li>
            <capacity>Breathing</capacity>
            <offset>-0.2</offset>
          </li>
        </capMods>
      </li>
    </stages>
  </HediffDef>

  <HediffDef ParentName="InfectionBase">
    <defName>RatPlagueMain</defName>
    <label>plague</label>
    <makesSickThought>true</makesSickThought>
    <lethalSeverity>1</lethalSeverity>
    <tendable>true</tendable>
    <comps>
      <li Class="HediffCompProperties_TendDuration">
        <tendDuration>30000</tendDuration>
        <severityPerDayTended>-0.38</severityPerDayTended>
      </li>
      <li Class="HediffCompProperties_Immunizable">
        <immunityPerDayNotSick>-0.02</immunityPerDayNotSick>
        <immunityPerDaySick>0.3</immunityPerDaySick>
        <severityPerDayNotImmune>0.4</severityPerDayNotImmune>
        <severityPerDayImmune>-0.2</severityPerDayImmune>
      </li>
    </comps>
    <stages>
      <li>
        <minSeverity>0.4</minSeverity>
        <label>minor</label>
        <painOffset>0.2</painOffset>
        <capMods>
          <li>
            <capacity>Consciousness</capacity>
            <offset>-0.05</offset>
          </li>
          <li>
            <capacity>Manipulation</capacity>
            <offset>-0.05</offset>
          </li>
        </capMods>
      </li>
      <li>
        <minSeverity>0.6</minSeverity>
        <label>major</label>
        <painOffset>0.35</painOffset>
        <capMods>
          <li>
            <capacity>Consciousness</capacity>
            <offset>-0.2</offset>
          </li>
          <li>
            <capacity>Manipulation</capacity>
            <offset>-0.2</offset>
          </li>
        </capMods>
      </li>
      <li>
        <minSeverity>0.8</minSeverity>
        <label>extreme</label>
        <painOffset>0.6</painOffset>
        <capMods>
          <li>
            <capacity>Consciousness</capacity>
            <offset>-0.3</offset>
          </li>
          <li>
            <capacity>Manipulation</capacity>
            <offset>-0.3</offset>
          </li>
        </capMods>
      </li>
      <li>
        <minSeverity>0.9</minSeverity>
        <label>extreme</label>
        <lifeThreatening>true</lifeThreatening>
        <painOffset>0.85</painOffset>
        <capMods>
          <li>
            <capacity>Consciousness</capacity>
            <offset>-0.3</offset>
          </li>
          <li>
            <capacity>Manipulation</capacity>
            <offset>-0.3</offset>
          </li>
          <li>
            <capacity>Breathing</capacity>
            <offset>-0.15</offset>
          </li>
        </capMods>
      </li>
    </stages>
  </HediffDef>

</Defs>