﻿<?xml version="1.0" encoding="utf-8" ?>
<Defs>

  <HediffDef>
    <defName>SnakeVenom</defName>
    <defaultLabelColor>(5, 193, 8)</defaultLabelColor>
    <label>snake venom</label>
    <hediffClass>HediffWithComps</hediffClass>
    <makesSickThought>true</makesSickThought>
    <scenarioCanAdd>true</scenarioCanAdd>
    <tendable>false</tendable>
    <comps>
      <li Class="HediffCompProperties_Immunizable">
        <severityPerDayNotImmune>-0.2</severityPerDayNotImmune>
        <severityPerDayImmune>-0.5</severityPerDayImmune>
      </li>
    </comps>
    <stages>
      <li>
        <label>initial</label>
        <becomeVisible>false</becomeVisible>
      </li>
      <li>
        <label>initial</label>
        <minSeverity>0.04</minSeverity>
      </li>
      <li>
        <label>minor</label>
        <minSeverity>0.2</minSeverity>
      </li>
      <li>
        <label>moderate</label>
        <minSeverity>0.40</minSeverity>
      </li>
      <li>
        <label>serious</label>
        <minSeverity>0.70</minSeverity>
        <hediffGivers>
          <li Class="HediffGiver_Random">
            <hediff>VenomPoisoning</hediff>
            <mtbDays>0.25</mtbDays>
            <partsToAffect>
              <li>Torso</li>
            </partsToAffect>
          </li>
        </hediffGivers>
      </li>
      <li>
        <label>extreme</label>
        <minSeverity>0.85</minSeverity>
        <hediffGivers>
          <li Class="HediffGiver_Random">
            <hediff>VenomPoisoning</hediff>
            <mtbDays>0.001</mtbDays>
            <partsToAffect>
              <li>Torso</li>
            </partsToAffect>
          </li>
        </hediffGivers>
      </li>
    </stages>
  </HediffDef>
  
   <HediffDef>
    <defName>MegaScarabVenom</defName>
    <defaultLabelColor>(73, 229, 206)</defaultLabelColor>
    <label>megascarab venom</label>
    <hediffClass>HediffWithComps</hediffClass>
    <makesSickThought>true</makesSickThought>
    <scenarioCanAdd>true</scenarioCanAdd>
    <tendable>true</tendable>
    <comps>
        <li Class="HediffCompProperties_TendDuration">
        <tendDuration>30000</tendDuration>
        <severityPerDayTended>-0.45</severityPerDayTended>
      </li>
      <li Class="HediffCompProperties_Immunizable">
        <immunityPerDayNotSick>-0.25</immunityPerDayNotSick>
        <immunityPerDaySick>-0.15</immunityPerDaySick>
        <severityPerDayNotImmune>-0.15</severityPerDayNotImmune>
        <severityPerDayImmune>-0.45</severityPerDayImmune>
      </li>
    </comps>
    <stages>
      <li>
        <label>initial</label>
        <becomeVisible>false</becomeVisible>
      </li>
      <li>
        <label>initial</label>
        <minSeverity>0.04</minSeverity>
      </li>
      <li>
        <label>minor</label>
        <minSeverity>0.2</minSeverity>
      </li>
      <li>
        <label>moderate</label>
        <minSeverity>0.40</minSeverity>
        <capMods>
          <li>
             <capacity>Consciousness</capacity>
             <offset>-0.15</offset>
          </li>
          <li>
            <capacity>Moving</capacity>
            <offset>-0.1</offset>
          </li>
          <li>
            <capacity>Manipulation</capacity>
            <offset>-0.2</offset>
          </li>
        </capMods>
      </li>
      <li>
        <label>serious</label>
        <minSeverity>0.70</minSeverity>
        <capMods>
          <li>
             <capacity>Consciousness</capacity>
             <offset>-0.3</offset>
          </li>
          <li>
            <capacity>Moving</capacity>
            <offset>-0.2</offset>
          </li>
          <li>
            <capacity>Manipulation</capacity>
            <offset>-0.4</offset>
          </li>
        </capMods>
      </li>
      <li>
        <label>extreme</label>
        <minSeverity>0.85</minSeverity>
        <capMods>
          <li>
             <capacity>Consciousness</capacity>
             <offset>-0.45</offset>
          </li>
          <li>
            <capacity>Moving</capacity>
            <offset>-0.3</offset>
          </li>
          <li>
            <capacity>Manipulation</capacity>
            <offset>-0.6</offset>
          </li>
        </capMods>
      </li>
    </stages>
  </HediffDef>
  
  <HediffDef>
    <defName>SpelopedeVenom</defName>
    <defaultLabelColor>(73, 229, 151)</defaultLabelColor>
    <label>spelopede venom</label>
    <hediffClass>HediffWithComps</hediffClass>
    <makesSickThought>true</makesSickThought>
    <scenarioCanAdd>true</scenarioCanAdd>
    <tendable>true</tendable>
    <comps>
      <li Class="HediffCompProperties_TendDuration">
        <tendDuration>30000</tendDuration>
        <severityPerDayTended>-0.45</severityPerDayTended>
      </li>
      <li Class="HediffCompProperties_Immunizable">
        <immunityPerDayNotSick>-0.25</immunityPerDayNotSick>
        <immunityPerDaySick>-0.15</immunityPerDaySick>
        <severityPerDayNotImmune>-0.15</severityPerDayNotImmune>
        <severityPerDayImmune>-0.45</severityPerDayImmune>
      </li>
    </comps>
    <stages>
      <li>
        <label>initial</label>
        <becomeVisible>false</becomeVisible>
      </li>
      <li>
        <label>initial</label>
        <minSeverity>0.04</minSeverity>
        <capMods>
          <li>
             <capacity>Consciousness</capacity>
             <offset>-0.1</offset>
          </li>
          <li>
            <capacity>Moving</capacity>
            <offset>-0.1</offset>
          </li>
          <li>
            <capacity>Manipulation</capacity>
            <offset>-0.1</offset>
          </li>
          <li>
            <capacity>Breathing</capacity>
            <offset>-0.1</offset>
          </li>
        </capMods>
      </li>
      <li>
        <label>minor</label>
        <minSeverity>0.2</minSeverity>
      </li>
      <li>
        <label>moderate</label>
        <minSeverity>0.40</minSeverity>
          <capMods>
          <li>
             <capacity>Consciousness</capacity>
             <offset>-0.15</offset>
          </li>
          <li>
            <capacity>Moving</capacity>
            <offset>-0.15</offset>
          </li>
          <li>
            <capacity>Manipulation</capacity>
            <offset>-0.15</offset>
          </li>
          <li>
            <capacity>Breathing</capacity>
            <offset>-0.1</offset>
          </li>
        </capMods>
      </li>
      <li>
        <label>serious</label>
        <minSeverity>0.70</minSeverity>
        <capMods>
          <li>
             <capacity>Consciousness</capacity>
             <offset>-0.25</offset>
          </li>
          <li>
            <capacity>Moving</capacity>
            <offset>-0.25</offset>
          </li>
          <li>
            <capacity>Manipulation</capacity>
            <offset>-0.4</offset>
          </li>
        </capMods>
        <hediffGivers>
          <li Class="HediffGiver_Random">
            <hediff>SpelopedeSickness</hediff>
            <mtbDays>1</mtbDays>
            <partsToAffect>
              <li>Torso</li>
            </partsToAffect>
          </li>
        </hediffGivers>
      </li>
      <li>
        <label>extreme</label>
        <minSeverity>0.85</minSeverity>
        <capMods>
          <li>
            <capacity>Consciousness</capacity>
            <offset>-0.25</offset>
          </li>
          <li>
            <capacity>Moving</capacity>
            <offset>-0.25</offset>
          </li>
          <li>
            <capacity>Manipulation</capacity>
            <offset>-0.4</offset>
          </li>
        </capMods>
        <hediffGivers>
          <li Class="HediffGiver_Random">
            <hediff>SpelopedeSickness</hediff>
            <mtbDays>0.5</mtbDays>
            <partsToAffect>
              <li>Torso</li>
            </partsToAffect>
          </li>
        </hediffGivers>
      </li>
    </stages>
  </HediffDef>
  
  <HediffDef>
    <defName>MegaSpiderVenom</defName>
    <defaultLabelColor>(73, 153, 229)</defaultLabelColor>
    <label>megaspider venom</label>
    <hediffClass>HediffWithComps</hediffClass>
    <makesSickThought>true</makesSickThought>
    <scenarioCanAdd>true</scenarioCanAdd>
     <tendable>true</tendable>
    <comps>
      <li Class="HediffCompProperties_TendDuration">
        <tendDuration>30000</tendDuration>
        <severityPerDayTended>-0.45</severityPerDayTended>
      </li>
      <li Class="HediffCompProperties_Immunizable">
        <immunityPerDayNotSick>-0.25</immunityPerDayNotSick>
        <immunityPerDaySick>-0.15</immunityPerDaySick>
        <severityPerDayNotImmune>-0.15</severityPerDayNotImmune>
        <severityPerDayImmune>-0.45</severityPerDayImmune>
      </li>
    </comps>
    <stages>
      <li>
        <label>initial</label>
        <becomeVisible>false</becomeVisible>
      </li>
      <li>
        <label>initial</label>
        <minSeverity>0.04</minSeverity>
      </li>
      <li>
        <label>minor</label>
        <minSeverity>0.2</minSeverity>
      </li>
      <li>
        <label>moderate</label>
        <minSeverity>0.40</minSeverity>
        <hediffGivers>
          <li Class="HediffGiver_Random">
            <hediff>MegaSpiderParalysis</hediff>
            <mtbDays>1.5</mtbDays>
            <partsToAffect>
              <li>Torso</li>
            </partsToAffect>
          </li>
        </hediffGivers>
      </li>
      <li>
        <label>serious</label>
        <minSeverity>0.70</minSeverity>
        <hediffGivers>
          <li Class="HediffGiver_Random">
            <hediff>MegaSpiderParalysis</hediff>
            <mtbDays>0.75</mtbDays>
            <partsToAffect>
              <li>Torso</li>
            </partsToAffect>
          </li>
        </hediffGivers>
      </li>
      <li>
        <label>extreme</label>
        <minSeverity>0.85</minSeverity>
        <hediffGivers>
          <li Class="HediffGiver_Random">
            <hediff>MegaSpiderParalysis</hediff>
            <mtbDays>0.5</mtbDays>
            <partsToAffect>
              <li>Torso</li>
            </partsToAffect>
          </li>
        </hediffGivers>
      </li>
    </stages>
  </HediffDef>

  <HediffDef>
    <defName>RatPlague</defName>
    <defaultLabelColor>(123, 49, 155)</defaultLabelColor>
    <label>rat germs</label>
    <hediffClass>HediffWithComps</hediffClass>
    <makesSickThought>true</makesSickThought>
    <scenarioCanAdd>true</scenarioCanAdd>
    <tendable>true</tendable>
    <comps>
      <li Class="HediffCompProperties_TendDuration">
        <tendDuration>30000</tendDuration>
        <severityPerDayTended>-0.45</severityPerDayTended>
      </li>
      <li Class="HediffCompProperties_Immunizable">
        <severityPerDayNotImmune>-0.2</severityPerDayNotImmune>
        <severityPerDayImmune>-0.5</severityPerDayImmune>
      </li>
    </comps>
    <stages>
      <li>
        <label>initial</label>
        <becomeVisible>false</becomeVisible>
      </li>
      <li>
        <label>initial</label>
        <minSeverity>0.04</minSeverity>
      </li>
      <li>
        <label>minor</label>
        <minSeverity>0.2</minSeverity>
        <hediffGivers>
          <li Class="HediffGiver_Random">
            <hediff>RatPlagueMain</hediff>
            <mtbDays>2</mtbDays>
            <partsToAffect>
              <li>Torso</li>
            </partsToAffect>
          </li>
        </hediffGivers>
      </li>
      <li>
        <label>moderate</label>
        <minSeverity>0.40</minSeverity>
        <vomitMtbDays>0.05</vomitMtbDays>
        <hediffGivers>
          <li Class="HediffGiver_Random">
            <hediff>RatPlagueMain</hediff>
            <mtbDays>1.5</mtbDays>
            <partsToAffect>
              <li>Torso</li>
            </partsToAffect>
          </li>
        </hediffGivers>
      </li>
      <li>
        <label>serious</label>
        <minSeverity>0.65</minSeverity>
        <vomitMtbDays>0.15</vomitMtbDays>
        <hediffGivers>
          <li Class="HediffGiver_Random">
            <hediff>RatPlagueMain</hediff>
            <mtbDays>1</mtbDays>
            <partsToAffect>
              <li>Torso</li>
            </partsToAffect>
          </li>
        </hediffGivers>
      </li>
      <li>
        <label>extreme</label>
        <minSeverity>0.8</minSeverity>
        <vomitMtbDays>0.25</vomitMtbDays>
        <hediffGivers>
          <li Class="HediffGiver_Random">
            <hediff>RatPlagueMain</hediff>
            <mtbDays>0.5</mtbDays>
            <partsToAffect>
              <li>Torso</li>
            </partsToAffect>
          </li>
        </hediffGivers>
      </li>
    </stages>
  </HediffDef>
<!--
  <HediffDef>
    <defName>AnimalGerms</defName>
    <defaultLabelColor>(242, 204, 55)</defaultLabelColor>
    <label>animal germs</label>
    <hediffClass>HediffWithComps</hediffClass>
    <makesSickThought>false</makesSickThought>
    <scenarioCanAdd>true</scenarioCanAdd>
    <tendable>false</tendable>
    <comps>
      <li Class="HediffCompProperties_Immunizable">
        <severityPerDayNotImmune>-0.75</severityPerDayNotImmune>
        <severityPerDayImmune>-2</severityPerDayImmune>
      </li>
    </comps>
    <stages>
      <li>
        <label>initial</label>
        <becomeVisible>false</becomeVisible>
      </li>
      <li>
        <label>minor</label>
        <becomeVisible>false</becomeVisible>
      </li>
      <li>
        <label>moderate</label>
        <becomeVisible>false</becomeVisible>
      </li>
      <li>
        <label>serious</label>
        <becomeVisible>false</becomeVisible>
      </li>
      <li>
        <label>extreme</label>
        <becomeVisible>false</becomeVisible>
      </li>
      <li>
        <label>initial</label>
        <minSeverity>0.04</minSeverity>
        <hediffGivers>
          <li Class="HediffGiver_Random">
            <hediff>Tetanus</hediff>
            <mtbDays>4</mtbDays>
            <partsToAffect>
              <li>Torso</li>
            </partsToAffect>
          </li>
        </hediffGivers>
      </li>
      <li>
        <label>minor</label>
        <minSeverity>0.2</minSeverity>
        <hediffGivers>
          <li Class="HediffGiver_Random">
            <hediff>Tetanus</hediff>
            <mtbDays>3</mtbDays>
            <partsToAffect>
              <li>Torso</li>
            </partsToAffect>
          </li>
        </hediffGivers>
      </li>
      <li>
        <label>moderate</label>
        <minSeverity>0.40</minSeverity>
        <vomitMtbDays>0.05</vomitMtbDays>
        <hediffGivers>
          <li Class="HediffGiver_Random">
            <hediff>Tetanus</hediff>
            <mtbDays>2</mtbDays>
            <partsToAffect>
              <li>Torso</li>
            </partsToAffect>
          </li>
        </hediffGivers>
      </li>
      <li>
        <label>serious</label>
        <minSeverity>0.65</minSeverity>
        <hediffGivers>
          <li Class="HediffGiver_Random">
            <hediff>Tetanus</hediff>
            <mtbDays>1</mtbDays>
            <partsToAffect>
              <li>Torso</li>
            </partsToAffect>
          </li>
        </hediffGivers>
      </li>
      <li>
        <label>extreme</label>
        <minSeverity>0.8</minSeverity>
        <hediffGivers>
          <li Class="HediffGiver_Random">
            <hediff>Tetanus</hediff>
            <mtbDays>0.5</mtbDays>
            <partsToAffect>
              <li>Torso</li>
            </partsToAffect>
          </li>
        </hediffGivers>
      </li>
    </stages>
  </HediffDef>
-->
</Defs>