﻿<?xml version="1.0" encoding="utf-8" ?>
<Defs>

  <HediffDef ParentName="DiseaseBase">
    <defName>VenomPoisoning</defName>
    <label>venom poisoning</label>
    <defaultLabelColor>(9, 229, 38)</defaultLabelColor>
    <initialSeverity>0.001</initialSeverity>
    <lethalSeverity>1</lethalSeverity>
    <tendable>false</tendable>
    <cureAllAtOnceIfCuredByItem>true</cureAllAtOnceIfCuredByItem>
    <comps>
      <li Class="HediffCompProperties_Immunizable">
        <severityPerDayNotImmune>0.25</severityPerDayNotImmune>
      </li>
    </comps>
    <stages>
      <li>
        <label>initial</label>
        <vomitMtbDays>0.25</vomitMtbDays>
      </li>
      <li>
        <label>minor</label>
        <minSeverity>0.1</minSeverity>
        <lifeThreatening>true</lifeThreatening>
        <vomitMtbDays>0.25</vomitMtbDays>
        <painOffset>0.25</painOffset>
        <capMods>
          <li>
            <capacity>Consciousness</capacity>
            <setMax>0.7</setMax>
          </li>
          <li>
            <capacity>Breathing</capacity>
            <offset>-0.5</offset>
          </li>
          <li>
            <capacity>Moving</capacity>
            <offset>-0.45</offset>
          </li>
        </capMods>
      </li>
      <li>
        <label>moderate</label>
        <minSeverity>0.35</minSeverity>
        <lifeThreatening>true</lifeThreatening>
        <vomitMtbDays>0.5</vomitMtbDays>
        <painOffset>0.45</painOffset>
        <capMods>
          <li>
            <capacity>Consciousness</capacity>
            <setMax>0.1</setMax>
          </li>
          <li>
            <capacity>Breathing</capacity>
            <offset>-0.65</offset>
          </li>
        </capMods>
      </li>
      <li>
        <label>major</label>
        <minSeverity>0.55</minSeverity>
        <lifeThreatening>true</lifeThreatening>
        <vomitMtbDays>0.75</vomitMtbDays>
        <painOffset>0.65</painOffset>
        <capMods>
          <li>
            <capacity>Consciousness</capacity>
            <setMax>0.1</setMax>
          </li>
          <li>
            <capacity>Breathing</capacity>
            <offset>-0.8</offset>
          </li>
        </capMods>
      </li>
      <li>
        <label>extreme</label>
        <minSeverity>0.75</minSeverity>
        <lifeThreatening>true</lifeThreatening>
        <vomitMtbDays>0.75</vomitMtbDays>
        <painOffset>0.9</painOffset>
        <capMods>
          <li>
            <capacity>Consciousness</capacity>
            <setMax>0.1</setMax>
          </li>
          <li>
            <capacity>Breathing</capacity>
            <offset>-0.8</offset>
          </li>
        </capMods>
      </li>
    </stages>
  </HediffDef>

  <HediffDef ParentName="DiseaseBase">
    <defName>SpelopedeSickness</defName>
    <label>spelopede sickness</label>
    <defaultLabelColor>(98, 173, 214)</defaultLabelColor>
    <initialSeverity>0.001</initialSeverity>
    <lethalSeverity>1</lethalSeverity>
    <tendable>true</tendable>
    <cureAllAtOnceIfCuredByItem>true</cureAllAtOnceIfCuredByItem>
    <comps>
      <li Class="HediffCompProperties_TendDuration">
        <tendDuration>30000</tendDuration>
        <severityPerDayTended>-0.56</severityPerDayTended>
      </li>
      <li Class="HediffCompProperties_Immunizable">
        <immunityPerDayNotSick>-0.4</immunityPerDayNotSick>
        <immunityPerDaySick>0.66</immunityPerDaySick>
        <severityPerDayNotImmune>0.64</severityPerDayNotImmune>
        <severityPerDayImmune>-0.7</severityPerDayImmune>
      </li>
    </comps>
    <stages>
      <li>
        <label>minor</label>
        <painOffset>0.15</painOffset>
        <capMods>
          <li>
            <capacity>Moving</capacity>
            <offset>-0.1</offset>
          </li>
          <li>
            <capacity>Manipulation</capacity>
            <offset>-0.2</offset>
          </li>
        </capMods>
      </li>
      <li>
        <label>moderate</label>
        <minSeverity>0.35</minSeverity>
        <painOffset>0.25</painOffset>
        <capMods>
          <li>
            <capacity>Moving</capacity>
            <offset>-0.2</offset>
          </li>
          <li>
            <capacity>Manipulation</capacity>
            <offset>-0.2</offset>
          </li>
        </capMods>
      </li>
      <li>
        <label>major</label>
        <minSeverity>0.65</minSeverity>
        <painOffset>0.45</painOffset>
        <capMods>
          <li>
            <capacity>Moving</capacity>
            <offset>-0.3</offset>
          </li>
          <li>
            <capacity>Manipulation</capacity>
            <offset>-0.3</offset>
          </li>
          <li>
            <capacity>Breathing</capacity>
            <offset>-0.2</offset>
          </li>
        </capMods>
      </li>
      <li>
        <label>extreme</label>
        <minSeverity>0.85</minSeverity>
        <lifeThreatening>true</lifeThreatening>
        <painOffset>0.55</painOffset>
        <capMods>
          <li>
            <capacity>Moving</capacity>
            <offset>-0.4</offset>
          </li>
          <li>
            <capacity>Manipulation</capacity>
            <offset>-0.3</offset>
          </li>
          <li>
            <capacity>Breathing</capacity>
            <offset>-0.3</offset>
          </li>
        </capMods>
      </li>
    </stages>
  </HediffDef>

  <HediffDef ParentName="DiseaseBase">
    <defName>MegaSpiderParalysis</defName>
    <label>megaspider paralysis</label>
    <defaultLabelColor>(157, 67, 165)</defaultLabelColor>
    <initialSeverity>0.001</initialSeverity>
    <lethalSeverity>1</lethalSeverity>
    <tendable>false</tendable>
    <cureAllAtOnceIfCuredByItem>true</cureAllAtOnceIfCuredByItem>
    <comps>
      <li Class="HediffCompProperties_Immunizable">
        <severityPerDayNotImmune>0.14</severityPerDayNotImmune>
      </li>
    </comps>
    <stages>
      <li>
        <label>minor</label>
        <painOffset>0.35</painOffset>
        <capMods>
          <li>
            <capacity>Moving</capacity>
            <offset>-1</offset>
          </li>
          <li>
            <capacity>Manipulation</capacity>
            <offset>-1</offset>
          </li>
        </capMods>
      </li>
      <li>
        <label>moderate</label>
        <minSeverity>0.35</minSeverity>
        <painOffset>0.45</painOffset>
        <capMods>
          <li>
            <capacity>Moving</capacity>
            <offset>-1</offset>
          </li>
          <li>
            <capacity>Manipulation</capacity>
            <offset>-1</offset>
          </li>
        </capMods>
      </li>
      <li>
        <label>major</label>
        <minSeverity>0.65</minSeverity>
        <painOffset>0.55</painOffset>
        <capMods>
          <li>
            <capacity>Moving</capacity>
            <offset>-1</offset>
          </li>
          <li>
            <capacity>Manipulation</capacity>
            <offset>-1</offset>
          </li>
        </capMods>
      </li>
      <li>
        <label>extreme</label>
        <minSeverity>0.85</minSeverity>
        <lifeThreatening>true</lifeThreatening>
        <painOffset>0.6</painOffset>
        <capMods>
          <li>
            <capacity>Moving</capacity>
            <offset>-1</offset>
          </li>
          <li>
            <capacity>Manipulation</capacity>
            <offset>-1</offset>
          </li>
        </capMods>
      </li>
    </stages>
  </HediffDef>
  
  <!--
  <HediffDef ParentName="DiseaseBase">
    <defName>Tetanus</defName>
    <label>tetanus</label>
    <defaultLabelColor>(242, 204, 55)</defaultLabelColor>
    <initialSeverity>0.05</initialSeverity>
    <lethalSeverity>1</lethalSeverity>
    <taleOnVisible>IllnessRevealed</taleOnVisible>
    <tendable>true</tendable>
    <cureAllAtOnceIfCuredByItem>true</cureAllAtOnceIfCuredByItem>
    <comps>
      <li Class="HediffCompProperties_TendDuration">
        <tendDuration>30000</tendDuration>
        <severityPerDayTended>-0.15</severityPerDayTended>
      </li>
      <li Class="HediffCompProperties_Immunizable">
        <immunityPerDayNotSick>-0.06</immunityPerDayNotSick>
        <immunityPerDaySick>0.173</immunityPerDaySick>
        <severityPerDayNotImmune>0.166</severityPerDayNotImmune>
        <severityPerDayImmune>-0.333</severityPerDayImmune>
      </li>
    </comps>
    <stages>
      <li>
        <label>initial</label>
        <becomeVisible>false</becomeVisible>
      </li>
      <li>
        <label>initial</label>
        <minSeverity>0.04</minSeverity>
      </li>
      <li>
        <label>minor</label>
        <minSeverity>0.15</minSeverity>
        <lifeThreatening>true</lifeThreatening>
        <vomitMtbDays>0.75</vomitMtbDays>
        <painOffset>0.25</painOffset>
        <capMods>
          <li>
            <capacity>Consciousness</capacity>
            <setMax>0.7</setMax>
          </li>
          <li>
            <capacity>Breathing</capacity>
            <offset>-0.5</offset>
          </li>
        </capMods>
      </li>
      <li>
        <label>moderate</label>
        <minSeverity>0.3</minSeverity>
        <lifeThreatening>true</lifeThreatening>
        <vomitMtbDays>0.5</vomitMtbDays>
        <painOffset>0.45</painOffset>
        <capMods>
          <li>
            <capacity>Consciousness</capacity>
            <setMax>0.1</setMax>
          </li>
          <li>
            <capacity>Breathing</capacity>
            <offset>-0.65</offset>
          </li>
        </capMods>
      </li>
      <li>
        <label>major</label>
        <minSeverity>0.5</minSeverity>
        <lifeThreatening>true</lifeThreatening>
        <vomitMtbDays>0.75</vomitMtbDays>
        <painOffset>0.65</painOffset>
        <capMods>
          <li>
            <capacity>Consciousness</capacity>
            <setMax>0.1</setMax>
          </li>
          <li>
            <capacity>Breathing</capacity>
            <offset>-0.8</offset>
          </li>
        </capMods>
      </li>
      <li>
        <label>extreme</label>
        <minSeverity>0.8</minSeverity>
        <lifeThreatening>true</lifeThreatening>
        <vomitMtbDays>0.75</vomitMtbDays>
        <painOffset>0.9</painOffset>
        <capMods>
          <li>
            <capacity>Consciousness</capacity>
            <setMax>0.1</setMax>
          </li>
          <li>
            <capacity>Breathing</capacity>
            <offset>-0.8</offset>
          </li>
        </capMods>
      </li>
    </stages>
  </HediffDef>
-->
</Defs>