﻿<?xml version="1.0" encoding="utf-8" ?>
<Defs>

  <ManeuverDef>
    <defName>VenomBite</defName>
    <requiredCapacity>VenomBite</requiredCapacity>
    <verb>
      <verbClass>Verb_MeleeAttack</verbClass>
      <meleeDamageDef>VenomBite</meleeDamageDef>
    </verb>
    <combatLogRules>Bite</combatLogRules>
  </ManeuverDef>

  <ManeuverDef>
    <defName>MegaScarabBite</defName>
    <requiredCapacity>MegaScarabBite</requiredCapacity>
    <verb>
      <verbClass>Verb_MeleeAttack</verbClass>
      <meleeDamageDef>MegaScarabBite</meleeDamageDef>
    </verb>
    <combatLogRules>Bite</combatLogRules>
  </ManeuverDef>
  
  <ManeuverDef>
    <defName>SpelopedeCut</defName>
    <requiredCapacity>SpelopedeCut</requiredCapacity>
    <verb>
      <verbClass>Verb_MeleeAttack</verbClass>
      <meleeDamageDef>SpelopedeCut</meleeDamageDef>
    </verb>
    <combatLogRules>Maneuver_Slash</combatLogRules>
  </ManeuverDef>

  <ManeuverDef>
    <defName>MegaSpiderCut</defName>
    <requiredCapacity>MegaSpiderCut</requiredCapacity>
    <verb>
      <verbClass>Verb_MeleeAttack</verbClass>
      <meleeDamageDef>MegaSpiderCut</meleeDamageDef>
    </verb>
    <combatLogRules>Maneuver_Slash</combatLogRules>
  </ManeuverDef>
  
  <ManeuverDef>
    <defName>PlagueBite</defName>
    <requiredCapacity>PlagueBite</requiredCapacity>
    <verb>
      <verbClass>Verb_MeleeAttack</verbClass>
      <meleeDamageDef>PlagueBite</meleeDamageDef>
    </verb>
    <combatLogRules>Bite</combatLogRules>
  </ManeuverDef>

  <ManeuverDef>
    <defName>PlagueScratch</defName>
    <requiredCapacity>PlagueScratch</requiredCapacity>
    <verb>
      <verbClass>Verb_MeleeAttack</verbClass>
      <meleeDamageDef>PlagueScratch</meleeDamageDef>
    </verb>
    <combatLogRules>Maneuver_Scratch</combatLogRules>
  </ManeuverDef>
  
  <!--
  <ManeuverDef>
    <defName>TetanusBite</defName>
    <requiredCapacity>TetanusBite</requiredCapacity>
    <verb>
      <verbClass>Verb_MeleeAttack</verbClass>
      <meleeDamageDef>TetanusBite</meleeDamageDef>
    </verb>
    <combatLogRules>Bite</combatLogRules>
  </ManeuverDef>
  
  <ManeuverDef>
    <defName>TetanusScratch</defName>
    <requiredCapacity>TetanusScratch</requiredCapacity>
    <verb>
      <verbClass>Verb_MeleeAttack</verbClass>
      <meleeDamageDef>TetanusScratch</meleeDamageDef>
    </verb>
    <combatLogRules>Maneuver_Scratch</combatLogRules>
  </ManeuverDef>
  -->
  
</Defs>
