﻿<?xml version="1.0" encoding="utf-8" ?>

<Defs>

  <ToolCapacityDef>
    <defName>VenomBite</defName>
    <label>venom biting</label>
  </ToolCapacityDef>

  <ToolCapacityDef>
    <defName>MegaScarabBite</defName>
    <label>megascarab biting</label>
  </ToolCapacityDef>

  <ToolCapacityDef>
    <defName>SpelopedeCut</defName>
    <label>spelopede cutting</label>
  </ToolCapacityDef>

  <ToolCapacityDef>
    <defName>MegaSpiderCut</defName>
    <label>megaspider cutting</label>
  </ToolCapacityDef>

  <ToolCapacityDef>
    <defName>PlagueBite</defName>
    <label>plague biting</label>
  </ToolCapacityDef>

  <ToolCapacityDef>
    <defName>PlagueScratch</defName>
    <label>plague scratching</label>
  </ToolCapacityDef>
  
  <!--
  <ToolCapacityDef>
    <defName>TetanusBite</defName>
    <label>tetanus biting</label>
  </ToolCapacityDef>

  <ToolCapacityDef>
    <defName>TetanusScratch</defName>
    <label>tetanus scratching</label>
  </ToolCapacityDef>
  -->

</Defs>
