﻿<?xml version="1.0" encoding="utf-8" ?>
<Defs>

  <ResearchProjectDef>
    <defName>SnakeVenomCure1</defName>
    <label>snake venom healing vapours</label>
    <description>Allows the construction of a snake venom cure through the use of healing vapours. This is a less advanced version of the antivenom and a lot more expensive.</description>
    <baseCost>400</baseCost>
    <techLevel>Neolithic</techLevel>
    <tab>InfectiousCreaturesResearch</tab>
    <tags>
      <li>TribalStart</li>
    </tags>
    <researchViewX>0</researchViewX>
    <researchViewY>2</researchViewY>
  </ResearchProjectDef>

  <ResearchProjectDef>
		<defName>SnakeVenomCure2</defName>
		<label>snake venom antivenom</label>
		<description>Allows the construction of snake venom antivenoms a cheaper version of snake venom healing vapours, just in case one of your colonists get bitten...</description>
		<baseCost>950</baseCost>
		<techLevel>Industrial</techLevel>
    <tab>InfectiousCreaturesResearch</tab>
		<prerequisites>
			<li>MicroelectronicsBasics</li>
		</prerequisites>
		<requiredResearchBuilding>HiTechResearchBench</requiredResearchBuilding>
		<researchViewX>1</researchViewX>
		<researchViewY>2</researchViewY>
	</ResearchProjectDef>

  <ResearchProjectDef>
    <defName>MegaSpiderCure1</defName>
    <label>megaspider paralysis antivenom</label>
    <description>Allows the construction of megaspider paralysis antivenoms in machining tables through the process of giving snake venom controlled electric shocks in order to change the arrangement of certain molecules.</description>
    <baseCost>1500</baseCost>
    <techLevel>Industrial</techLevel>
    <tab>InfectiousCreaturesResearch</tab>
    <prerequisites>
      <li>SnakeVenomCure2</li>
    </prerequisites>
    <requiredResearchBuilding>HiTechResearchBench</requiredResearchBuilding>
    <requiredResearchFacilities>
      <li>MultiAnalyzer</li>
    </requiredResearchFacilities>
    <researchViewX>2</researchViewX>
    <researchViewY>2</researchViewY>
  </ResearchProjectDef>

  <ResearchProjectDef>
    <defName>MegaSpiderCure2</defName>
    <label>extraction of venom glands from megaspiders</label>
    <description>Allows the removal of venom glands from megaspiders in butcher tables offering an easier way to get the megaspider paralysis antivenom.</description>
    <baseCost>1500</baseCost>
    <techLevel>Industrial</techLevel>
    <tab>InfectiousCreaturesResearch</tab>
    <prerequisites>
      <li>MegaSpiderCure1</li>
    </prerequisites>
    <requiredResearchBuilding>HiTechResearchBench</requiredResearchBuilding>
    <requiredResearchFacilities>
      <li>MultiAnalyzer</li>
    </requiredResearchFacilities>
    <researchViewX>3</researchViewX>
    <researchViewY>1</researchViewY>
  </ResearchProjectDef>
  
</Defs>
