<?xml version="1.0" encoding="utf-8" ?>
<Defs>

  <DamageDef ParentName="Bite">
    <defName>VenomBite</defName>
    <label>venom bite</label>
    <additionalHediffs>
      <li>
        <hediff>SnakeVenom</hediff>
        <severityPerDamageDealt>0.025</severityPerDamageDealt>
      </li>
    </additionalHediffs>
  </DamageDef>

  <DamageDef ParentName="Bite">
    <defName>MegaScarabBite</defName>
    <label>megascarab bite</label>
    <additionalHediffs>
      <li>
        <hediff>MegaScarabVenom</hediff>
        <severityPerDamageDealt>0.025</severityPerDamageDealt>
      </li>
    </additionalHediffs>
  </DamageDef>

  <DamageDef ParentName="CutBase">
    <defName>SpelopedeCut</defName>
    <label>spelopede cut</label>
    <additionalHediffs>
      <li>
        <hediff>SpelopedeVenom</hediff>
        <severityPerDamageDealt>0.025</severityPerDamageDealt>
      </li>
    </additionalHediffs>
  </DamageDef>

  <DamageDef ParentName="CutBase">
    <defName>MegaSpiderCut</defName>
    <label>megaspider cut</label>
    <additionalHediffs>
      <li>
        <hediff>MegaSpiderVenom</hediff>
        <severityPerDamageDealt>0.02</severityPerDamageDealt>
      </li>
    </additionalHediffs>
  </DamageDef>

  <DamageDef ParentName="Bite">
    <defName>PlagueBite</defName>
    <label>plague bite</label>
    <additionalHediffs>
      <li>
        <hediff>RatPlague</hediff>
        <severityPerDamageDealt>0.075</severityPerDamageDealt>
      </li>
    </additionalHediffs>
  </DamageDef>

  <DamageDef ParentName="Scratch">
    <defName>PlagueScratch</defName>
    <label>plague scratch</label>
    <additionalHediffs>
      <li>
        <hediff>RatPlague</hediff>
        <severityPerDamageDealt>0.03</severityPerDamageDealt>
      </li>
    </additionalHediffs>
  </DamageDef>
  
  <!--
  <DamageDef ParentName="Bite">
    <defName>TetanusBite</defName>
    <label>tetanus bite</label>
    <additionalHediffs>
      <li>
        <hediff>AnimalGerms</hediff>
        <severityPerDamageDealt>0.05</severityPerDamageDealt>
      </li>
    </additionalHediffs>
  </DamageDef>

  <DamageDef ParentName="Scratch">
    <defName>TetanusScratch</defName>
    <label>tetanus scratch</label>
    <additionalHediffs>
      <li>
        <hediff>AnimalGerms</hediff>
        <severityPerDamageDealt>0.02</severityPerDamageDealt>
      </li>
    </additionalHediffs>
  </DamageDef>
  -->
  
</Defs>
