﻿<?xml version="1.0" encoding="utf-8" ?>
<Defs>

	<RecipeDef>
		<defName>ExtractSnakeVenomGland</defName>
		<label>extract snake venom gland</label>
		<description>Butchers a snake to obtain the venom gland which can then be turned into venom viles.</description>
		<jobString>Extracting venom gland.</jobString>
		<workAmount>750</workAmount>
		<workSpeedStat>ButcheryFleshSpeed</workSpeedStat>
    <workSkill>Cooking</workSkill>
		<efficiencyStat>ButcheryFleshEfficiency</efficiencyStat>
    <effectWorking>ButcherFlesh</effectWorking>
    <soundWorking>Recipe_ButcherCorpseFlesh</soundWorking>
    <ingredients>
      <li>
        <filter>
          <thingDefs>
            <li>Adder_Corpse</li>
            <li>BlackDesertCobra_Corpse</li>
            <li>Cobra_Corpse</li>
          </thingDefs>
        </filter>
        <count>1</count>
      </li>
    </ingredients>
    <fixedIngredientFilter>
      <thingDefs>
        <li>Adder_Corpse</li>
        <li>BlackDesertCobra_Corpse</li>
        <li>Cobra_Corpse</li>
      </thingDefs>
    </fixedIngredientFilter>
    <products>
      <SnakeVenomGland>1</SnakeVenomGland>
    </products>
	</RecipeDef>

  <RecipeDef>
    <defName>ExtractMegaSpiderVenomGland</defName>
    <label>extract megaspider venom gland</label>
    <description>Butchers a megaspider to obtain the venom gland which can then be turned into venom viles.</description>
    <jobString>Extracting venom gland.</jobString>
    <workAmount>950</workAmount>
    <workSpeedStat>ButcheryFleshSpeed</workSpeedStat>
    <workSkill>Cooking</workSkill>
    <efficiencyStat>ButcheryFleshEfficiency</efficiencyStat>
    <effectWorking>ButcherFlesh</effectWorking>
    <soundWorking>Recipe_ButcherCorpseFlesh</soundWorking>
    <researchPrerequisite>MegaSpiderCure2</researchPrerequisite>
    <ingredients>
      <li>
        <filter>
          <thingDefs>
            <li>Megaspider_Corpse</li>
          </thingDefs>
        </filter>
        <count>1</count>
      </li>
    </ingredients>
    <fixedIngredientFilter>
      <thingDefs>
        <li>Megaspider_Corpse</li>
      </thingDefs>
    </fixedIngredientFilter>
    <products>
      <MegaSpiderVenomGland>1</MegaSpiderVenomGland>
    </products>
  </RecipeDef>
  
  <RecipeDef>
    <defName>CraftMegaSpiderVenomVile</defName>
    <label>craft megaspider venom vile</label>
    <description>Eletrocutes snake venom viles changing there chemical compund to that similiar of megaspider venom. Once changed it can be used to craft a cure to megaspider paralysis.</description>
    <jobString>Crafting megaspider venom vile.</jobString>
    <workAmount>1200</workAmount>
    <workSpeedStat>DrugProductionSpeed</workSpeedStat>
    <workSkill>Crafting</workSkill>
    <effectWorking>Cook</effectWorking>
    <soundWorking>Recipe_CookMeal</soundWorking>
    <researchPrerequisite>MegaSpiderCure2</researchPrerequisite>
    <ingredients>
      <li>
        <filter>
          <thingDefs>
            <li>SnakeVenomVile</li>
          </thingDefs>
        </filter>
        <count>2</count>
      </li>
    </ingredients>
    <fixedIngredientFilter>
      <thingDefs>
        <li>SnakeVenomVile</li>
      </thingDefs>
    </fixedIngredientFilter>
    <products>
      <MegaSpiderVenomVile>1</MegaSpiderVenomVile>
    </products>
  </RecipeDef>
  
</Defs>