﻿<?xml version="1.0" encoding="utf-8" ?>
<Defs>

  <RecipeDef>
    <defName>InjectSnakeVenomAntibody</defName>
    <label>inject snake venom antivenom</label>
    <description>Injects snake venom antivenom into patient.</description>
    <workerClass>Recipe_AdministerUsableItem</workerClass>
    <jobString>Injecting snake venom antivenom.</jobString>
    <targetsBodyPart>false</targetsBodyPart>
    <anesthetize>false</anesthetize>
    <workAmount>120</workAmount>
    <dontShowIfAnyIngredientMissing>true</dontShowIfAnyIngredientMissing>
    <surgerySuccessChanceFactor>99999</surgerySuccessChanceFactor>
    <ingredients>
      <li>
        <filter>
          <thingDefs>
            <li>SnakeVenomVaccine</li>
          </thingDefs>
        </filter>
        <count>1</count>
      </li>
    </ingredients>
    <fixedIngredientFilter>
      <thingDefs>
        <li>SnakeVenomVaccine</li>
      </thingDefs>
    </fixedIngredientFilter>
  </RecipeDef>

  <RecipeDef>
    <defName>InjectMegaspiderParalysisAntibody</defName>
    <label>inject megaspider paralysis antivenom</label>
    <description>Injects megaspider paralysis antivenom into patient.</description>
    <workerClass>Recipe_AdministerUsableItem</workerClass>
    <jobString>Injecting megaspider paralysis antivenom.</jobString>
    <targetsBodyPart>false</targetsBodyPart>
    <anesthetize>false</anesthetize>
    <workAmount>120</workAmount>
    <dontShowIfAnyIngredientMissing>true</dontShowIfAnyIngredientMissing>
    <surgerySuccessChanceFactor>99999</surgerySuccessChanceFactor>
    <ingredients>
      <li>
        <filter>
          <thingDefs>
            <li>MegaSpiderVenomVaccine</li>
          </thingDefs>
        </filter>
        <count>1</count>
      </li>
    </ingredients>
    <fixedIngredientFilter>
      <thingDefs>
        <li>MegaSpiderVenomVaccine</li>
      </thingDefs>
    </fixedIngredientFilter>
  </RecipeDef>

  <RecipeDef>
    <defName>AllowInhalationOfSnakeVenomHealingVapours</defName>
    <label>allow inhalation of snake venom healing vapours</label>
    <description>Allows the inhalation of snake venom healing vapours to an incapacitated patient.</description>
    <workerClass>Recipe_AdministerUsableItem</workerClass>
    <jobString>Allowing the inhalation of snake venom healing vapours.</jobString>
    <targetsBodyPart>false</targetsBodyPart>
    <anesthetize>false</anesthetize>
    <workAmount>450</workAmount>
    <dontShowIfAnyIngredientMissing>true</dontShowIfAnyIngredientMissing>
    <surgerySuccessChanceFactor>99999</surgerySuccessChanceFactor>
    <ingredients>
      <li>
        <filter>
          <thingDefs>
            <li>SnakeVenomHealingVapours</li>
          </thingDefs>
        </filter>
        <count>1</count>
      </li>
    </ingredients>
    <fixedIngredientFilter>
      <thingDefs>
        <li>SnakeVenomHealingVapours</li>
      </thingDefs>
    </fixedIngredientFilter>
  </RecipeDef>

</Defs>