﻿<?xml version="1.0" encoding="utf-8" ?>

<Patch>
  
  <Operation Class="PatchOperationReplace">
    <xpath>/Defs/BiomeDef[defName = "TemperateSwamp"]/diseases/li/diseaseInc</xpath>
    <value>
      <diseaseInc>Disease_SwampFever</diseaseInc>
    </value>
  </Operation>
  
  <Operation Class="PatchOperationReplace">
    <xpath>/Defs/BiomeDef[defName = "TropicalSwamp"]/diseases/li/diseaseInc</xpath>
    <value>
      <diseaseInc>Disease_SwampFever</diseaseInc>
    </value>
  </Operation>

  <Operation Class="PatchOperationAdd">
    <xpath>/Defs/ThingDef[defName = "Human"]/recipes</xpath>
    <value>
      <li>InjectSnakeVenomAntibody</li>
      <li>AllowInhalationOfSnakeVenomHealingVapours</li>
    </value>
  </Operation>

  <Operation Class="PatchOperationAdd">
    <xpath>/Defs/ThingDef[@Name = "AnimalThingBase"]/recipes</xpath>
    <value>
      <li>InjectSnakeVenomAntibody</li>
      <li>AllowInhalationOfSnakeVenomHealingVapours</li>
    </value>
  </Operation>

  <Operation Class="PatchOperationAdd">
    <xpath>/Defs/ThingDef[defName = "Human"]/recipes</xpath>
    <value>
      <li>InjectMegaspiderParalysisAntibody</li>
    </value>
  </Operation>

  <Operation Class="PatchOperationAdd">
    <xpath>/Defs/ThingDef[@Name = "AnimalThingBase"]/recipes</xpath>
    <value>
      <li>InjectMegaspiderParalysisAntibody</li>
    </value>
  </Operation>

  <Operation Class="PatchOperationAdd">
    <xpath>/Defs/HediffDef[defName = "PenoxycylineHigh"]/stages/li/makeImmuneTo</xpath>
    <value>
      <li>SwampFever</li>
    </value>
  </Operation>

  <Operation Class="PatchOperationAdd">
    <xpath>/Defs/ThingDef[defName = "TableButcher"]/recipes</xpath>
    <value>
      <li>ExtractSnakeVenomGland</li>
    </value>
  </Operation>

  <Operation Class="PatchOperationAdd">
    <xpath>/Defs/ThingDef[defName = "TableButcher"]/recipes</xpath>
    <value>
      <li>ExtractMegaSpiderVenomGland</li>
    </value>
  </Operation>

  <Operation Class="PatchOperationAdd">
    <xpath>/Defs/ThingDef[defName = "TableMachining"]/recipes</xpath>
    <value>
      <li>CraftMegaSpiderVenomVile</li>
    </value>
  </Operation>

</Patch>