﻿<?xml version="1.0" encoding="utf-8" ?>

<Patch>
  
  <Operation Class="PatchOperationReplace">
    <xpath>/Defs/ThingDef[defName = "Cobra"]/tools/li/capacities</xpath>
    <value>
      <capacities>
        <li>VenomBite</li>
      </capacities>
    </value>
  </Operation>

  <Operation Class="PatchOperationAdd">
    <xpath>/Defs/ThingDef[defName = "Cobra"]/comps</xpath>
    <value>
      <li Class="CompProperties_Milkable">
        <milkDef>SnakeVenomVile</milkDef>
        <milkIntervalDays>5</milkIntervalDays>
        <milkAmount>1</milkAmount>
        <milkFemaleOnly>false</milkFemaleOnly>
      </li>
    </value>
  </Operation>

  <Operation Class="PatchOperationReplace">
    <xpath>/Defs/DamageDef[defName = "Scratch"]</xpath>
    <value>
      <DamageDef Name ="Scratch" ParentName="LocalInjuryBase">
        <defName>Scratch</defName>
        <label>scratch</label>
        <workerClass>DamageWorker_Scratch</workerClass>
        <externalViolence>true</externalViolence>
        <deathMessage>{0} has been torn to death.</deathMessage>
        <hediff>Scratch</hediff>
        <hediffSolid>Crack</hediffSolid>
        <harmAllLayersUntilOutside>true</harmAllLayersUntilOutside>
        <impactSoundType>Slice</impactSoundType>
        <armorCategory>Sharp</armorCategory>
        <scratchSplitPercentage>0.67</scratchSplitPercentage>
      </DamageDef>
    </value>
  </Operation>

  <Operation Class="PatchOperationReplace">
    <xpath>/Defs/ThingDef[defName = "Megascarab"]/tools/li[1]/capacities</xpath>
    <value>
      <capacities>
        <li>MegaScarabBite</li>
      </capacities>
    </value>
  </Operation>

  <Operation Class="PatchOperationReplace">
    <xpath>/Defs/ThingDef[defName = "Spelopede"]/tools/li[1]/capacities</xpath>
    <value>
      <capacities>
        <li>SpelopedeCut</li>
      </capacities>
    </value>
  </Operation>

  <Operation Class="PatchOperationReplace">
    <xpath>/Defs/ThingDef[defName = "Megaspider"]/tools/li[1]/capacities</xpath>
    <value>
      <capacities>
        <li>MegaSpiderCut</li>
      </capacities>
    </value>
  </Operation>

  <Operation Class="PatchOperationReplace">
    <xpath>/Defs/ThingDef[defName = "Rat"]/tools/li[3]/capacities</xpath>
    <value>
      <capacities>
        <li>PlagueBite</li>
      </capacities>
    </value>
  </Operation>

  <Operation Class="PatchOperationReplace">
    <xpath>/Defs/ThingDef[defName = "Rat"]/tools/li/capacities</xpath>
    <value>
      <capacities>
        <li>PlagueScratch</li>
      </capacities>
    </value>
  </Operation>

  <Operation Class="PatchOperationReplace">
    <xpath>/Defs/ThingDef[defName = "Rat"]/tools/li[2]/capacities</xpath>
    <value>
      <capacities>
        <li>PlagueScratch</li>
      </capacities>
    </value>
  </Operation>

  <Operation Class="PatchOperationAdd">
    <xpath>/Defs/PawnKindDef[defName = "Cobra"]</xpath>
    <value>
      <wildSpawn_GroupSizeRange>
        <min>1</min>
        <max>3</max>
      </wildSpawn_GroupSizeRange>
    </value>
  </Operation>

  <Operation Class="PatchOperationRemove">
    <xpath>/Defs/BiomeDef[defName = "TropicalRainforest"]/wildAnimals/Cobra</xpath>
  </Operation>

  <Operation Class="PatchOperationRemove">
    <xpath>/Defs/BiomeDef[defName = "TropicalSwamp"]/wildAnimals/Cobra</xpath>
  </Operation>

  <Operation Class="PatchOperationAdd">
    <xpath>/Defs/ThingDef[defName = "Cobra"]/race</xpath>
    <value>
      <wildBiomes>
        <AridShrubland>0</AridShrubland>
        <Desert>0</Desert>
        <ExtremeDesert>0</ExtremeDesert>
        <BorealForest>0</BorealForest>
        <Tundra>0</Tundra>
        <TemperateForest>0</TemperateForest>
        <TropicalSwamp>0.75</TropicalSwamp>
        <TropicalRainforest>0.75</TropicalRainforest>
      </wildBiomes>
    </value>
  </Operation>
  
</Patch>